Item,Binomial,WordA,WordB,Questions,Answer,SentenceType,Sentence,PrimeType,Prime,audio,Condition,List,RelFreq,GenPref,target_freq,prime_freq
2,arts and crafts,arts,crafts,Does Lilly enjoy run when she's stressed?,n,Sentence (alphabetical),+ Lilly enjoys doing arts and crafts to relax when she is stressed.,alphabetical,Arts and crafts are a wonderful way to express creativity through handmade projects.,audio/prime_alpha/Arts_and_crafts_are_a_wonderful_way_to_express_creativity_through_handmade_projects.wav,1,4,0.49524973569999997,0.6080373752,frequent,frequent
2,arts and crafts,arts,crafts,Does Lilly enjoy run when she's stressed?,n,Sentence (nonalphabetical),+ Lilly enjoys doing crafts and arts to relax when she is stressed.,alphabetical,Arts and crafts are a wonderful way to express creativity through handmade projects.,audio/prime_alpha/Arts_and_crafts_are_a_wonderful_way_to_express_creativity_through_handmade_projects.wav,2,5,0.49524973569999997,0.6080373752,not-frequent,frequent
2,arts and crafts,arts,crafts,Does Lilly enjoy run when she's stressed?,n,Sentence (alphabetical),+ Lilly enjoys doing arts and crafts to relax when she is stressed.,nonalphabetical,Crafts and arts are a wonderful way to express creativity through handmade projects.,audio/prime_nonalpha/Crafts_and_arts_are_a_wonderful_way_to_express_creativity_through_handmade_projects.wav,3,6,0.49524973569999997,0.6080373752,frequent,not-frequent
2,arts and crafts,arts,crafts,Does Lilly enjoy run when she's stressed?,n,Sentence (nonalphabetical),+ Lilly enjoys doing crafts and arts to relax when she is stressed.,nonalphabetical,Crafts and arts are a wonderful way to express creativity through handmade projects.,audio/prime_nonalpha/Crafts_and_arts_are_a_wonderful_way_to_express_creativity_through_handmade_projects.wav,4,1,0.49524973569999997,0.6080373752,not-frequent,not-frequent
2,arts and crafts,arts,crafts,Does Lilly enjoy run when she's stressed?,n,Sentence (alphabetical),+ Lilly enjoys doing arts and crafts to relax when she is stressed.,unrelated,"She poured herself a steaming cup of coffee, savoring the aroma as it filled the kitchen.","audio/prime_unrelated/She_poured_herself_a_steaming_cup_of_coffee,_savoring_the_aroma_as_it_filled_the_kitchen.wav",5,2,0.49524973569999997,0.6080373752,frequent,unrelated
2,arts and crafts,arts,crafts,Does Lilly enjoy run when she's stressed?,n,Sentence (nonalphabetical),+ Lilly enjoys doing crafts and arts to relax when she is stressed.,unrelated,"She poured herself a steaming cup of coffee, savoring the aroma as it filled the kitchen.","audio/prime_unrelated/She_poured_herself_a_steaming_cup_of_coffee,_savoring_the_aroma_as_it_filled_the_kitchen.wav",6,3,0.49524973569999997,0.6080373752,not-frequent,unrelated
24,law and order,law,order,Was there chaos?,n,Sentence (alphabetical),+ There was a lack of law and order that caused some chaos.,alphabetical,The mayor promised to restore law and order to the troubled neighborhoods.,audio/prime_alpha/The_mayor_promised_to_restore_law_and_order_to_the_troubled_neighborhoods.wav,1,2,0.4852172766,0.8870848891,frequent,frequent
24,law and order,law,order,Was there chaos?,n,Sentence (nonalphabetical),+ There was a lack of order and law that caused some chaos.,alphabetical,The mayor promised to restore law and order to the troubled neighborhoods.,audio/prime_alpha/The_mayor_promised_to_restore_law_and_order_to_the_troubled_neighborhoods.wav,2,3,0.4852172766,0.8870848891,not-frequent,frequent
24,law and order,law,order,Was there chaos?,n,Sentence (alphabetical),+ There was a lack of law and order that caused some chaos.,nonalphabetical,The mayor promised to restore order and law to the troubled neighborhoods.,audio/prime_nonalpha/The_mayor_promised_to_restore_order_and_law_to_the_troubled_neighborhoods.wav,3,4,0.4852172766,0.8870848891,frequent,not-frequent
24,law and order,law,order,Was there chaos?,n,Sentence (nonalphabetical),+ There was a lack of order and law that caused some chaos.,nonalphabetical,The mayor promised to restore order and law to the troubled neighborhoods.,audio/prime_nonalpha/The_mayor_promised_to_restore_order_and_law_to_the_troubled_neighborhoods.wav,4,5,0.4852172766,0.8870848891,not-frequent,not-frequent
24,law and order,law,order,Was there chaos?,n,Sentence (alphabetical),+ There was a lack of law and order that caused some chaos.,unrelated,"She took a long walk through the city, marveling at the towering skyscrapers.","audio/prime_unrelated/She_took_a_long_walk_through_the_city,_marveling_at_the_towering_skyscrapers.wav",5,6,0.4852172766,0.8870848891,frequent,unrelated
24,law and order,law,order,Was there chaos?,n,Sentence (nonalphabetical),+ There was a lack of order and law that caused some chaos.,unrelated,"She took a long walk through the city, marveling at the towering skyscrapers.","audio/prime_unrelated/She_took_a_long_walk_through_the_city,_marveling_at_the_towering_skyscrapers.wav",6,1,0.4852172766,0.8870848891,not-frequent,unrelated
3,arts and sciences,arts,sciences,Did Jessica plan on going to college?,y,Sentence (alphabetical),+ Jessica couldn't decide between studying arts and sciences in college.,alphabetical,A well-rounded education often includes a balance of arts and sciences.,audio/prime_alpha/A_well-rounded_education_often_includes_a_balance_of_arts_and_sciences.wav,1,5,0.4544574614,0.4933750742,frequent,frequent
3,arts and sciences,arts,sciences,Did Jessica plan on going to college?,y,Sentence (nonalphabetical),+ Jessica couldn't decide between studying sciences and arts in college.,alphabetical,A well-rounded education often includes a balance of arts and sciences.,audio/prime_alpha/A_well-rounded_education_often_includes_a_balance_of_arts_and_sciences.wav,2,6,0.4544574614,0.4933750742,not-frequent,frequent
3,arts and sciences,arts,sciences,Did Jessica plan on going to college?,y,Sentence (alphabetical),+ Jessica couldn't decide between studying arts and sciences in college.,nonalphabetical,A well-rounded education often includes a balance of sciences and arts.,audio/prime_nonalpha/A_well-rounded_education_often_includes_a_balance_of_sciences_and_arts.wav,3,1,0.4544574614,0.4933750742,frequent,not-frequent
3,arts and sciences,arts,sciences,Did Jessica plan on going to college?,y,Sentence (nonalphabetical),+ Jessica couldn't decide between studying sciences and arts in college.,nonalphabetical,A well-rounded education often includes a balance of sciences and arts.,audio/prime_nonalpha/A_well-rounded_education_often_includes_a_balance_of_sciences_and_arts.wav,4,2,0.4544574614,0.4933750742,not-frequent,not-frequent
3,arts and sciences,arts,sciences,Did Jessica plan on going to college?,y,Sentence (alphabetical),+ Jessica couldn't decide between studying arts and sciences in college.,unrelated,"The library was silent, except for the occasional sound of pages turning.","audio/prime_unrelated/The_library_was_silent,_except_for_the_occasional_sound_of_pages_turning.wav",5,3,0.4544574614,0.4933750742,frequent,unrelated
3,arts and sciences,arts,sciences,Did Jessica plan on going to college?,y,Sentence (nonalphabetical),+ Jessica couldn't decide between studying sciences and arts in college.,unrelated,"The library was silent, except for the occasional sound of pages turning.","audio/prime_unrelated/The_library_was_silent,_except_for_the_occasional_sound_of_pages_turning.wav",6,4,0.4544574614,0.4933750742,not-frequent,unrelated
12,development and research,development,research,Did Emily stay in her field?,n,Sentence (alphabetical),+ Emily was in development and research but eventually decided to leave.,alphabetical,Many years of development and research went into the company's new product.,audio/prime_alpha/Many_years_of_development_and_research_went_into_the_companys_new_product.wav,1,2,-0.48074983772,0.2293127498,not-frequent,not-frequent
12,development and research,development,research,Did Emily stay in her field?,n,Sentence (nonalphabetical),+ Emily was in research and development but eventually decided to leave.,alphabetical,Many years of development and research went into the company's new product.,audio/prime_alpha/Many_years_of_development_and_research_went_into_the_companys_new_product.wav,2,3,-0.48074983772,0.2293127498,frequent,not-frequent
12,development and research,development,research,Did Emily stay in her field?,n,Sentence (alphabetical),+ Emily was in development and research but eventually decided to leave.,nonalphabetical,Many years of research and development went into the company's new product.,audio/prime_nonalpha/Many_years_of_research_and_development_went_into_the_companys_new_product.wav,3,4,-0.48074983772,0.2293127498,not-frequent,frequent
12,development and research,development,research,Did Emily stay in her field?,n,Sentence (nonalphabetical),+ Emily was in research and development but eventually decided to leave.,nonalphabetical,Many years of research and development went into the company's new product.,audio/prime_nonalpha/Many_years_of_research_and_development_went_into_the_companys_new_product.wav,4,5,-0.48074983772,0.2293127498,frequent,frequent
12,development and research,development,research,Did Emily stay in her field?,n,Sentence (alphabetical),+ Emily was in development and research but eventually decided to leave.,unrelated,His suitcase was packed with essentials and a few souvenirs from his last adventure.,audio/prime_unrelated/His_suitcase_was_packed_with_essentials_and_a_few_souvenirs_from_his_last_adventure.wav,5,6,-0.48074983772,0.2293127498,not-frequent,unrelated
12,development and research,development,research,Did Emily stay in her field?,n,Sentence (nonalphabetical),+ Emily was in research and development but eventually decided to leave.,unrelated,His suitcase was packed with essentials and a few souvenirs from his last adventure.,audio/prime_unrelated/His_suitcase_was_packed_with_essentials_and_a_few_souvenirs_from_his_last_adventure.wav,6,1,-0.48074983772,0.2293127498,frequent,unrelated
22,goods and services,goods,services,Were the village people willing to trade?,n,Sentence (alphabetical),+ The village people would not trade goods and services for money.,alphabetical,The store offers a wide variety of goods and services to meet customer needs.,audio/prime_alpha/The_store_offers_a_wide_variety_of_goods_and_services_to_meet_customer_needs.wav,1,6,0.49259811509999996,0.6638593473,frequent,frequent
22,goods and services,goods,services,Were the village people willing to trade?,n,Sentence (nonalphabetical),+ The village people would not trade services and goods for money.,alphabetical,The store offers a wide variety of goods and services to meet customer needs.,audio/prime_alpha/The_store_offers_a_wide_variety_of_goods_and_services_to_meet_customer_needs.wav,2,1,0.49259811509999996,0.6638593473,not-frequent,frequent
22,goods and services,goods,services,Were the village people willing to trade?,n,Sentence (alphabetical),+ The village people would not trade goods and services for money.,nonalphabetical,The store offers a wide variety of services and goods to meet customer needs.,audio/prime_nonalpha/The_store_offers_a_wide_variety_of_services_and_goods_to_meet_customer_needs.wav,3,2,0.49259811509999996,0.6638593473,frequent,not-frequent
22,goods and services,goods,services,Were the village people willing to trade?,n,Sentence (nonalphabetical),+ The village people would not trade services and goods for money.,nonalphabetical,The store offers a wide variety of services and goods to meet customer needs.,audio/prime_nonalpha/The_store_offers_a_wide_variety_of_services_and_goods_to_meet_customer_needs.wav,4,3,0.49259811509999996,0.6638593473,not-frequent,not-frequent
22,goods and services,goods,services,Were the village people willing to trade?,n,Sentence (alphabetical),+ The village people would not trade goods and services for money.,unrelated,"They toasted to friendship, clinking their glasses in celebration.","audio/prime_unrelated/They_toasted_to_friendship,_clinking_their_glasses_in_celebration.wav",5,4,0.49259811509999996,0.6638593473,frequent,unrelated
22,goods and services,goods,services,Were the village people willing to trade?,n,Sentence (nonalphabetical),+ The village people would not trade services and goods for money.,unrelated,"They toasted to friendship, clinking their glasses in celebration.","audio/prime_unrelated/They_toasted_to_friendship,_clinking_their_glasses_in_celebration.wav",6,5,0.49259811509999996,0.6638593473,not-frequent,unrelated
7,brother and sister,brother,sister,Are Paul's siblings cool?,y,Sentence (alphabetical),+ Paul wants to spend time with his brother and sister because they're cool.,alphabetical,The brother and sister shared a bond that no distance could weaken.,audio/prime_alpha/The_brother_and_sister_shared_a_bond_that_no_distance_could_weaken.wav,1,3,0.3382719058,0.6344814705,frequent,frequent
7,brother and sister,brother,sister,Are Paul's siblings cool?,y,Sentence (nonalphabetical),+ Paul wants to spend time with his sister and brother because they're cool.,alphabetical,The brother and sister shared a bond that no distance could weaken.,audio/prime_alpha/The_brother_and_sister_shared_a_bond_that_no_distance_could_weaken.wav,2,4,0.3382719058,0.6344814705,not-frequent,frequent
7,brother and sister,brother,sister,Are Paul's siblings cool?,y,Sentence (alphabetical),+ Paul wants to spend time with his brother and sister because they're cool.,nonalphabetical,The sister and brother shared a bond that no distance could weaken.,audio/prime_nonalpha/The_sister_and_brother_shared_a_bond_that_no_distance_could_weaken.wav,3,5,0.3382719058,0.6344814705,frequent,not-frequent
7,brother and sister,brother,sister,Are Paul's siblings cool?,y,Sentence (nonalphabetical),+ Paul wants to spend time with his sister and brother because they're cool.,nonalphabetical,The sister and brother shared a bond that no distance could weaken.,audio/prime_nonalpha/The_sister_and_brother_shared_a_bond_that_no_distance_could_weaken.wav,4,6,0.3382719058,0.6344814705,not-frequent,not-frequent
7,brother and sister,brother,sister,Are Paul's siblings cool?,y,Sentence (alphabetical),+ Paul wants to spend time with his brother and sister because they're cool.,unrelated,"The cat curled up on the windowsill, basking in a patch of warm sunlight.","audio/prime_unrelated/The_cat_curled_up_on_the_windowsill,_basking_in_a_patch_of_warm_sunlight.wav",5,1,0.3382719058,0.6344814705,frequent,unrelated
7,brother and sister,brother,sister,Are Paul's siblings cool?,y,Sentence (nonalphabetical),+ Paul wants to spend time with his sister and brother because they're cool.,unrelated,"The cat curled up on the windowsill, basking in a patch of warm sunlight.","audio/prime_unrelated/The_cat_curled_up_on_the_windowsill,_basking_in_a_patch_of_warm_sunlight.wav",6,2,0.3382719058,0.6344814705,not-frequent,unrelated
25,men and women,men,women,Were the people in Jen's dance class talented?,y,Sentence (alphabetical),+ Jen thought that the men and women in her dance class were all very talented.,alphabetical,The disparity between the wages of men and women in the workforce is a major concern for many.,audio/prime_alpha/The_disparity_between_the_wages_of_men_and_women_in_the_workforce_is_a_major_concern_for_many.wav,1,3,0.40642814120000004,0.7288977898,frequent,frequent
25,men and women,men,women,Were the people in Jen's dance class talented?,y,Sentence (nonalphabetical),+ Jen thought that the women and men in her dance class were all very talented.,alphabetical,The disparity between the wages of men and women in the workforce is a major concern for many.,audio/prime_alpha/The_disparity_between_the_wages_of_men_and_women_in_the_workforce_is_a_major_concern_for_many.wav,2,4,0.40642814120000004,0.7288977898,not-frequent,frequent
25,men and women,men,women,Were the people in Jen's dance class talented?,y,Sentence (alphabetical),+ Jen thought that the men and women in her dance class were all very talented.,nonalphabetical,The disparity between the wages of men and women in the workforce is a major concern for many.,audio/prime_nonalpha/The_disparity_between_the_wages_of_men_and_women_in_the_workforce_is_a_major_concern_for_many.wav,3,5,0.40642814120000004,0.7288977898,frequent,not-frequent
25,men and women,men,women,Were the people in Jen's dance class talented?,y,Sentence (nonalphabetical),+ Jen thought that the women and men in her dance class were all very talented.,nonalphabetical,The disparity between the wages of men and women in the workforce is a major concern for many.,audio/prime_nonalpha/The_disparity_between_the_wages_of_men_and_women_in_the_workforce_is_a_major_concern_for_many.wav,4,6,0.40642814120000004,0.7288977898,not-frequent,not-frequent
25,men and women,men,women,Were the people in Jen's dance class talented?,y,Sentence (alphabetical),+ Jen thought that the men and women in her dance class were all very talented.,unrelated,"The cafe was cozy, with soft music playing and the smell of fresh pastries in the air.","audio/prime_unrelated/The_cafe_was_cozy,_with_soft_music_playing_and_the_smell_of_fresh_pastries_in_the_air.wav",5,1,0.40642814120000004,0.7288977898,frequent,unrelated
25,men and women,men,women,Were the people in Jen's dance class talented?,y,Sentence (nonalphabetical),+ Jen thought that the women and men in her dance class were all very talented.,unrelated,"The cafe was cozy, with soft music playing and the smell of fresh pastries in the air.","audio/prime_unrelated/The_cafe_was_cozy,_with_soft_music_playing_and_the_smell_of_fresh_pastries_in_the_air.wav",6,2,0.40642814120000004,0.7288977898,not-frequent,unrelated
5,blood and flesh,blood,flesh,Did Nick consider Rhonda to be family?,y,Sentence (alphabetical),+ Although Rhonda was not Nick's blood and flesh he considered her family.,alphabetical,"The battle left marks of blood and flesh on the ground, a grim reminder of its toll.","audio/prime_alpha/The_battle_left_marks_of_blood_and_flesh_on_the_ground,_a_grim_reminder_of_its_toll.wav",1,1,-0.47360396965,0.469076088,not-frequent,not-frequent
5,blood and flesh,blood,flesh,Did Nick consider Rhonda to be family?,y,Sentence (nonalphabetical),+ Although Rhonda was not Nick's flesh and blood he considered her family.,alphabetical,"The battle left marks of blood and flesh on the ground, a grim reminder of its toll.","audio/prime_alpha/The_battle_left_marks_of_blood_and_flesh_on_the_ground,_a_grim_reminder_of_its_toll.wav",2,2,-0.47360396965,0.469076088,frequent,not-frequent
5,blood and flesh,blood,flesh,Did Nick consider Rhonda to be family?,y,Sentence (alphabetical),+ Although Rhonda was not Nick's blood and flesh he considered her family.,nonalphabetical,"The battle left marks of flesh and blood on the ground, a grim reminder of its toll.","audio/prime_nonalpha/The_battle_left_marks_of_flesh_and_blood_on_the_ground,_a_grim_reminder_of_its_toll.wav",3,3,-0.47360396965,0.469076088,not-frequent,frequent
5,blood and flesh,blood,flesh,Did Nick consider Rhonda to be family?,y,Sentence (nonalphabetical),+ Although Rhonda was not Nick's flesh and blood he considered her family.,nonalphabetical,"The battle left marks of flesh and blood on the ground, a grim reminder of its toll.","audio/prime_nonalpha/The_battle_left_marks_of_flesh_and_blood_on_the_ground,_a_grim_reminder_of_its_toll.wav",4,4,-0.47360396965,0.469076088,frequent,frequent
5,blood and flesh,blood,flesh,Did Nick consider Rhonda to be family?,y,Sentence (alphabetical),+ Although Rhonda was not Nick's blood and flesh he considered her family.,unrelated,"With a deep breath, she stepped onto the stage, her heart pounding in her chest.","audio/prime_unrelated/With_a_deep_breath,_she_stepped_onto_the_stage,_her_heart_pounding_in_her_chest.wav",5,5,-0.47360396965,0.469076088,not-frequent,unrelated
5,blood and flesh,blood,flesh,Did Nick consider Rhonda to be family?,y,Sentence (nonalphabetical),+ Although Rhonda was not Nick's flesh and blood he considered her family.,unrelated,"With a deep breath, she stepped onto the stage, her heart pounding in her chest.","audio/prime_unrelated/With_a_deep_breath,_she_stepped_onto_the_stage,_her_heart_pounding_in_her_chest.wav",6,6,-0.47360396965,0.469076088,frequent,unrelated
29,pepper and salt,pepper,salt,Is the food bland?,y,Sentence (alphabetical),+ The food is in need of pepper and salt because it's rather bland.,alphabetical,She added just a pinch of pepper and salt to bring out the flavors of the dish.,audio/prime_alpha/She_added_just_a_pinch_of_pepper_and_salt_to_bring_out_the_flavors_of_the_dish.wav,1,1,-0.43924954184,0.2688838616,not-frequent,not-frequent
29,pepper and salt,pepper,salt,Is the food bland?,y,Sentence (nonalphabetical),+ The food is in need of salt and pepper because it's rather bland.,alphabetical,She added just a pinch of pepper and salt to bring out the flavors of the dish.,audio/prime_alpha/She_added_just_a_pinch_of_pepper_and_salt_to_bring_out_the_flavors_of_the_dish.wav,2,2,-0.43924954184,0.2688838616,frequent,not-frequent
29,pepper and salt,pepper,salt,Is the food bland?,y,Sentence (alphabetical),+ The food is in need of pepper and salt because it's rather bland.,nonalphabetical,She added just a pinch of salt and pepper to bring out the flavors of the dish.,audio/prime_nonalpha/She_added_just_a_pinch_of_salt_and_pepper_to_bring_out_the_flavors_of_the_dish.wav,3,3,-0.43924954184,0.2688838616,not-frequent,frequent
29,pepper and salt,pepper,salt,Is the food bland?,y,Sentence (nonalphabetical),+ The food is in need of salt and pepper because it's rather bland.,nonalphabetical,She added just a pinch of salt and pepper to bring out the flavors of the dish.,audio/prime_nonalpha/She_added_just_a_pinch_of_salt_and_pepper_to_bring_out_the_flavors_of_the_dish.wav,4,4,-0.43924954184,0.2688838616,frequent,frequent
29,pepper and salt,pepper,salt,Is the food bland?,y,Sentence (alphabetical),+ The food is in need of pepper and salt because it's rather bland.,unrelated,"The dog barked at the mailman every day, as if it were his sworn duty.","audio/prime_unrelated/The_dog_barked_at_the_mailman_every_day,_as_if_it_were_his_sworn_duty.wav",5,5,-0.43924954184,0.2688838616,not-frequent,unrelated
29,pepper and salt,pepper,salt,Is the food bland?,y,Sentence (nonalphabetical),+ The food is in need of salt and pepper because it's rather bland.,unrelated,"The dog barked at the mailman every day, as if it were his sworn duty.","audio/prime_unrelated/The_dog_barked_at_the_mailman_every_day,_as_if_it_were_his_sworn_duty.wav",6,6,-0.43924954184,0.2688838616,frequent,unrelated
13,error and trial,error,trial,Was Hal still stuck on the math problem?,n,Sentence (alphabetical),+ Hal solved the math problem by error and trial because he was lazy.,alphabetical,Sometimes it feels like trial and error is the only way to learn.,audio/prime_alpha/Sometimes_it_feels_like_trial_and_error_is_the_only_way_to_learn.wav,1,3,-0.4995134398482,0.1682363,not-frequent,not-frequent
13,error and trial,error,trial,Was Hal still stuck on the math problem?,n,Sentence (nonalphabetical),+ Hal solved the math problem by trial and error because he was lazy.,alphabetical,Sometimes it feels like trial and error is the only way to learn.,audio/prime_alpha/Sometimes_it_feels_like_trial_and_error_is_the_only_way_to_learn.wav,2,4,-0.4995134398482,0.1682363,frequent,not-frequent
13,error and trial,error,trial,Was Hal still stuck on the math problem?,n,Sentence (alphabetical),+ Hal solved the math problem by error and trial because he was lazy.,nonalphabetical,Sometimes it feels like error and trial is the only way to learn.,audio/prime_nonalpha/Sometimes_it_feels_like_error_and_trial_is_the_only_way_to_learn.wav,3,5,-0.4995134398482,0.1682363,not-frequent,frequent
13,error and trial,error,trial,Was Hal still stuck on the math problem?,n,Sentence (nonalphabetical),+ Hal solved the math problem by trial and error because he was lazy.,nonalphabetical,Sometimes it feels like error and trial is the only way to learn.,audio/prime_nonalpha/Sometimes_it_feels_like_error_and_trial_is_the_only_way_to_learn.wav,4,6,-0.4995134398482,0.1682363,frequent,frequent
13,error and trial,error,trial,Was Hal still stuck on the math problem?,n,Sentence (alphabetical),+ Hal solved the math problem by error and trial because he was lazy.,unrelated,"The aroma of freshly baked bread drifted from the kitchen, inviting everyone inside.","audio/prime_unrelated/The_aroma_of_freshly_baked_bread_drifted_from_the_kitchen,_inviting_everyone_inside.wav",5,1,-0.4995134398482,0.1682363,not-frequent,unrelated
13,error and trial,error,trial,Was Hal still stuck on the math problem?,n,Sentence (nonalphabetical),+ Hal solved the math problem by trial and error because he was lazy.,unrelated,"The aroma of freshly baked bread drifted from the kitchen, inviting everyone inside.","audio/prime_unrelated/The_aroma_of_freshly_baked_bread_drifted_from_the_kitchen,_inviting_everyone_inside.wav",6,2,-0.4995134398482,0.1682363,frequent,unrelated
11,death and life,death,life,Is it hard to tell one's circumstances in purgatory?,y,Sentence (alphabetical),+ It is hard to tell the difference between death and life when you are in purgatory.,alphabetical,"In many cultures, death and life are seen as intertwined parts of a greater cycle.","audio/prime_alpha/In_many_cultures,_death_and_life_are_seen_as_intertwined_parts_of_a_greater_cycle.wav",1,1,-0.4380721283,0.1047131005,not-frequent,not-frequent
11,death and life,death,life,Is it hard to tell one's circumstances in purgatory?,y,Sentence (nonalphabetical),+ It is hard to tell the difference between life and death when you are in purgatory.,alphabetical,"In many cultures, death and life are seen as intertwined parts of a greater cycle.","audio/prime_alpha/In_many_cultures,_death_and_life_are_seen_as_intertwined_parts_of_a_greater_cycle.wav",2,2,-0.4380721283,0.1047131005,frequent,not-frequent
11,death and life,death,life,Is it hard to tell one's circumstances in purgatory?,y,Sentence (alphabetical),+ It is hard to tell the difference between death and life when you are in purgatory.,nonalphabetical,"In many cultures, life and death are seen as intertwined parts of a greater cycle.","audio/prime_nonalpha/In_many_cultures,_life_and_death_are_seen_as_intertwined_parts_of_a_greater_cycle.wav",3,3,-0.4380721283,0.1047131005,not-frequent,frequent
11,death and life,death,life,Is it hard to tell one's circumstances in purgatory?,y,Sentence (nonalphabetical),+ It is hard to tell the difference between life and death when you are in purgatory.,nonalphabetical,"In many cultures, life and death are seen as intertwined parts of a greater cycle.","audio/prime_nonalpha/In_many_cultures,_life_and_death_are_seen_as_intertwined_parts_of_a_greater_cycle.wav",4,4,-0.4380721283,0.1047131005,frequent,frequent
11,death and life,death,life,Is it hard to tell one's circumstances in purgatory?,y,Sentence (alphabetical),+ It is hard to tell the difference between death and life when you are in purgatory.,unrelated,The child’s laughter echoed through the park as he chased after a butterfly.,audio/prime_unrelated/The_child’s_laughter_echoed_through_the_park_as_he_chased_after_a_butterfly.wav,5,5,-0.4380721283,0.1047131005,not-frequent,unrelated
11,death and life,death,life,Is it hard to tell one's circumstances in purgatory?,y,Sentence (nonalphabetical),+ It is hard to tell the difference between life and death when you are in purgatory.,unrelated,The child’s laughter echoed through the park as he chased after a butterfly.,audio/prime_unrelated/The_child’s_laughter_echoed_through_the_park_as_he_chased_after_a_butterfly.wav,6,6,-0.4380721283,0.1047131005,frequent,unrelated
4,black and white,black,white,Do Dalmations usually come in many different colors?,n,Sentence (alphabetical),+ Dalmatians found in colors other than black and white are highly unusual.,alphabetical,"The film is shot entirely in black and white, giving it a timeless quality.","audio/prime_alpha/The_film_is_shot_entirely_in_black_and_white,_giving_it_a_timeless_quality.wav",1,6,0.33220185449999995,0.4175274348,frequent,frequent
4,black and white,black,white,Do Dalmations usually come in many different colors?,n,Sentence (nonalphabetical),+ Dalmatians found in colors other than white and black are highly unusual.,alphabetical,"The film is shot entirely in black and white, giving it a timeless quality.","audio/prime_alpha/The_film_is_shot_entirely_in_black_and_white,_giving_it_a_timeless_quality.wav",2,1,0.33220185449999995,0.4175274348,not-frequent,frequent
4,black and white,black,white,Do Dalmations usually come in many different colors?,n,Sentence (alphabetical),+ Dalmatians found in colors other than black and white are highly unusual.,nonalphabetical,"The film is shot entirely in white and black, giving it a timeless quality.","audio/prime_nonalpha/The_film_is_shot_entirely_in_white_and_black,_giving_it_a_timeless_quality.wav",3,2,0.33220185449999995,0.4175274348,frequent,not-frequent
4,black and white,black,white,Do Dalmations usually come in many different colors?,n,Sentence (nonalphabetical),+ Dalmatians found in colors other than white and black are highly unusual.,nonalphabetical,"The film is shot entirely in white and black, giving it a timeless quality.","audio/prime_nonalpha/The_film_is_shot_entirely_in_white_and_black,_giving_it_a_timeless_quality.wav",4,3,0.33220185449999995,0.4175274348,not-frequent,not-frequent
4,black and white,black,white,Do Dalmations usually come in many different colors?,n,Sentence (alphabetical),+ Dalmatians found in colors other than black and white are highly unusual.,unrelated,"He watched the rain tap against the window, lost in thought.","audio/prime_unrelated/He_watched_the_rain_tap_against_the_window,_lost_in_thought.wav",5,4,0.33220185449999995,0.4175274348,frequent,unrelated
4,black and white,black,white,Do Dalmations usually come in many different colors?,n,Sentence (nonalphabetical),+ Dalmatians found in colors other than white and black are highly unusual.,unrelated,"He watched the rain tap against the window, lost in thought.","audio/prime_unrelated/He_watched_the_rain_tap_against_the_window,_lost_in_thought.wav",6,5,0.33220185449999995,0.4175274348,not-frequent,unrelated
18,female and male,female,male,Does the dog breeder have puppies coming?,y,Sentence (alphabetical),+ The dog breeder has female and male puppies coming.,alphabetical,The study found no significant differences in learning styles between female and male students.,audio/prime_alpha/The_study_found_no_significant_differences_in_learning_styles_between_female_and_male_students.wav,1,2,-0.42635207012,0.349332677,not-frequent,not-frequent
18,female and male,female,male,Does the dog breeder have puppies coming?,y,Sentence (nonalphabetical),+ The dog breeder has male and female puppies coming.,alphabetical,The study found no significant differences in learning styles between female and male students.,audio/prime_alpha/The_study_found_no_significant_differences_in_learning_styles_between_female_and_male_students.wav,2,3,-0.42635207012,0.349332677,frequent,not-frequent
18,female and male,female,male,Does the dog breeder have puppies coming?,y,Sentence (alphabetical),+ The dog breeder has female and male puppies coming.,nonalphabetical,The study found no significant differences in learning styles between male and female students.,audio/prime_nonalpha/The_study_found_no_significant_differences_in_learning_styles_between_male_and_female_students.wav,3,4,-0.42635207012,0.349332677,not-frequent,frequent
18,female and male,female,male,Does the dog breeder have puppies coming?,y,Sentence (nonalphabetical),+ The dog breeder has male and female puppies coming.,nonalphabetical,The study found no significant differences in learning styles between male and female students.,audio/prime_nonalpha/The_study_found_no_significant_differences_in_learning_styles_between_male_and_female_students.wav,4,5,-0.42635207012,0.349332677,frequent,frequent
18,female and male,female,male,Does the dog breeder have puppies coming?,y,Sentence (alphabetical),+ The dog breeder has female and male puppies coming.,unrelated,"She wrote down her goals in a new journal, determined to make this year different.","audio/prime_unrelated/She_wrote_down_her_goals_in_a_new_journal,_determined_to_make_this_year_different.wav",5,6,-0.42635207012,0.349332677,not-frequent,unrelated
18,female and male,female,male,Does the dog breeder have puppies coming?,y,Sentence (nonalphabetical),+ The dog breeder has male and female puppies coming.,unrelated,"She wrote down her goals in a new journal, determined to make this year different.","audio/prime_unrelated/She_wrote_down_her_goals_in_a_new_journal,_determined_to_make_this_year_different.wav",6,1,-0.42635207012,0.349332677,frequent,unrelated
15,father and son,father,son,Does Eric hate movies?,n,Sentence (alphabetical),+ Eric enjoys going to the movies with his father and son so much.,alphabetical,The bond between father and son grew deeper with each passing year.,audio/prime_alpha/The_bond_between_father_and_son_grew_deeper_with_each_passing_year.wav,1,5,0.46792363550000005,0.5278980018,frequent,frequent
15,father and son,father,son,Does Eric hate movies?,n,Sentence (nonalphabetical),+ Eric enjoys going to the movies with his son and father so much.,alphabetical,The bond between father and son grew deeper with each passing year.,audio/prime_alpha/The_bond_between_father_and_son_grew_deeper_with_each_passing_year.wav,2,6,0.46792363550000005,0.5278980018,not-frequent,frequent
15,father and son,father,son,Does Eric hate movies?,n,Sentence (alphabetical),+ Eric enjoys going to the movies with his father and son so much.,nonalphabetical,The bond between son and father grew deeper with each passing year.,audio/prime_nonalpha/The_bond_between_son_and_father_grew_deeper_with_each_passing_year.wav,3,1,0.46792363550000005,0.5278980018,frequent,not-frequent
15,father and son,father,son,Does Eric hate movies?,n,Sentence (nonalphabetical),+ Eric enjoys going to the movies with his son and father so much.,nonalphabetical,The bond between son and father grew deeper with each passing year.,audio/prime_nonalpha/The_bond_between_son_and_father_grew_deeper_with_each_passing_year.wav,4,2,0.46792363550000005,0.5278980018,not-frequent,not-frequent
15,father and son,father,son,Does Eric hate movies?,n,Sentence (alphabetical),+ Eric enjoys going to the movies with his father and son so much.,unrelated,"The dog wagged its tail eagerly, hoping for a treat.","audio/prime_unrelated/The_dog_wagged_its_tail_eagerly,_hoping_for_a_treat.wav",5,3,0.46792363550000005,0.5278980018,frequent,unrelated
15,father and son,father,son,Does Eric hate movies?,n,Sentence (nonalphabetical),+ Eric enjoys going to the movies with his son and father so much.,unrelated,"The dog wagged its tail eagerly, hoping for a treat.","audio/prime_unrelated/The_dog_wagged_its_tail_eagerly,_hoping_for_a_treat.wav",6,4,0.46792363550000005,0.5278980018,not-frequent,unrelated
6,boys and girls,boys,girls,Did the teacher separate the students into many groups?,n,Sentence (alphabetical),+ The teacher separated the boys and girls into two groups.,alphabetical,Boys and girls eagerly gathered around the storyteller for an afternoon of tales.,audio/prime_alpha/Boys_and_girls_eagerly_gathered_around_the_storyteller_for_an_afternoon_of_tales.wav,1,2,0.38251956350000005,0.6258780033,frequent,frequent
6,boys and girls,boys,girls,Did the teacher separate the students into many groups?,n,Sentence (nonalphabetical),+ The teacher separated the girls and boys into two groups.,alphabetical,Boys and girls eagerly gathered around the storyteller for an afternoon of tales.,audio/prime_alpha/Boys_and_girls_eagerly_gathered_around_the_storyteller_for_an_afternoon_of_tales.wav,2,3,0.38251956350000005,0.6258780033,not-frequent,frequent
6,boys and girls,boys,girls,Did the teacher separate the students into many groups?,n,Sentence (alphabetical),+ The teacher separated the boys and girls into two groups.,nonalphabetical,Girls and boys eagerly gathered around the storyteller for an afternoon of tales.,audio/prime_nonalpha/Girls_and_boys_eagerly_gathered_around_the_storyteller_for_an_afternoon_of_tales.wav,3,4,0.38251956350000005,0.6258780033,frequent,not-frequent
6,boys and girls,boys,girls,Did the teacher separate the students into many groups?,n,Sentence (nonalphabetical),+ The teacher separated the girls and boys into two groups.,nonalphabetical,Girls and boys eagerly gathered around the storyteller for an afternoon of tales.,audio/prime_nonalpha/Girls_and_boys_eagerly_gathered_around_the_storyteller_for_an_afternoon_of_tales.wav,4,5,0.38251956350000005,0.6258780033,not-frequent,not-frequent
6,boys and girls,boys,girls,Did the teacher separate the students into many groups?,n,Sentence (alphabetical),+ The teacher separated the boys and girls into two groups.,unrelated,"The mountain trail was steep, but the view from the top made every step worth it.","audio/prime_unrelated/The_mountain_trail_was_steep,_but_the_view_from_the_top_made_every_step_worth_it.wav",5,6,0.38251956350000005,0.6258780033,frequent,unrelated
6,boys and girls,boys,girls,Did the teacher separate the students into many groups?,n,Sentence (nonalphabetical),+ The teacher separated the girls and boys into two groups.,unrelated,"The mountain trail was steep, but the view from the top made every step worth it.","audio/prime_unrelated/The_mountain_trail_was_steep,_but_the_view_from_the_top_made_every_step_worth_it.wav",6,1,0.38251956350000005,0.6258780033,not-frequent,unrelated
14,fall and rise,fall,rise,Was the narrator sick because of the waves?,y,Sentence (alphabetical),+ I've gotten particularly ill due to the fall and rise of the waves.,alphabetical,The documentary charts the fall and rise of a once-beloved artist.,audio/prime_alpha/The_documentary_charts_the_fall_and_rise_of_a_once-beloved_artist.wav,1,4,-0.47005192108,0.4320348317,not-frequent,not-frequent
14,fall and rise,fall,rise,Was the narrator sick because of the waves?,y,Sentence (nonalphabetical),+ I've gotten particularly ill due to the rise and fall of the waves.,alphabetical,The documentary charts the fall and rise of a once-beloved artist.,audio/prime_alpha/The_documentary_charts_the_fall_and_rise_of_a_once-beloved_artist.wav,2,5,-0.47005192108,0.4320348317,frequent,not-frequent
14,fall and rise,fall,rise,Was the narrator sick because of the waves?,y,Sentence (alphabetical),+ I've gotten particularly ill due to the fall and rise of the waves.,nonalphabetical,The documentary charts the rise and fall of a once-beloved artist.,audio/prime_nonalpha/The_documentary_charts_the_rise_and_fall_of_a_once-beloved_artist.wav,3,6,-0.47005192108,0.4320348317,not-frequent,frequent
14,fall and rise,fall,rise,Was the narrator sick because of the waves?,y,Sentence (nonalphabetical),+ I've gotten particularly ill due to the rise and fall of the waves.,nonalphabetical,The documentary charts the rise and fall of a once-beloved artist.,audio/prime_nonalpha/The_documentary_charts_the_rise_and_fall_of_a_once-beloved_artist.wav,4,1,-0.47005192108,0.4320348317,frequent,frequent
14,fall and rise,fall,rise,Was the narrator sick because of the waves?,y,Sentence (alphabetical),+ I've gotten particularly ill due to the fall and rise of the waves.,unrelated,"She gazed out at the ocean, mesmerized by the endless waves crashing against the shore.","audio/prime_unrelated/She_gazed_out_at_the_ocean,_mesmerized_by_the_endless_waves_crashing_against_the_shore.wav",5,2,-0.47005192108,0.4320348317,not-frequent,unrelated
14,fall and rise,fall,rise,Was the narrator sick because of the waves?,y,Sentence (nonalphabetical),+ I've gotten particularly ill due to the rise and fall of the waves.,unrelated,"She gazed out at the ocean, mesmerized by the endless waves crashing against the shore.","audio/prime_unrelated/She_gazed_out_at_the_ocean,_mesmerized_by_the_endless_waves_crashing_against_the_shore.wav",6,3,-0.47005192108,0.4320348317,frequent,unrelated
8,brothers and sisters,brothers,sisters,Does Andrew live alone?,n,Sentence (alphabetical),"+ Andrew shared with his brothers and sisters, so he was excited to have a roomate.",alphabetical,I always love seeing my brothers and sisters when I go home for the holidays.,audio/prime_alpha/I_always_love_seeing_my_brothers_and_sisters_when_I_go_home_for_the_holidays.wav,1,4,0.4142402514,0.6388390377,frequent,frequent
8,brothers and sisters,brothers,sisters,Does Andrew live alone?,n,Sentence (nonalphabetical),"+ Andrew shared with his sisters and brothers, so he was excited to have a roomate.",alphabetical,I always love seeing my brothers and sisters when I go home for the holidays.,audio/prime_alpha/I_always_love_seeing_my_brothers_and_sisters_when_I_go_home_for_the_holidays.wav,2,5,0.4142402514,0.6388390377,not-frequent,frequent
8,brothers and sisters,brothers,sisters,Does Andrew live alone?,n,Sentence (alphabetical),"+ Andrew shared with his brothers and sisters, so he was excited to have a roomate.",nonalphabetical,I always love seeing my sisters and brothers when I go home for the holidays.,audio/prime_nonalpha/I_always_love_seeing_my_sisters_and_brothers_when_I_go_home_for_the_holidays.wav,3,6,0.4142402514,0.6388390377,frequent,not-frequent
8,brothers and sisters,brothers,sisters,Does Andrew live alone?,n,Sentence (nonalphabetical),"+ Andrew shared with his sisters and brothers, so he was excited to have a roomate.",nonalphabetical,I always love seeing my sisters and brothers when I go home for the holidays.,audio/prime_nonalpha/I_always_love_seeing_my_sisters_and_brothers_when_I_go_home_for_the_holidays.wav,4,1,0.4142402514,0.6388390377,not-frequent,not-frequent
8,brothers and sisters,brothers,sisters,Does Andrew live alone?,n,Sentence (alphabetical),"+ Andrew shared with his brothers and sisters, so he was excited to have a roomate.",unrelated,"They exchanged a knowing glance, each understanding the other's unspoken thoughts.","audio/prime_unrelated/They_exchanged_a_knowing_glance,_each_understanding_the_others_unspoken_thoughts.wav",5,2,0.4142402514,0.6388390377,frequent,unrelated
8,brothers and sisters,brothers,sisters,Does Andrew live alone?,n,Sentence (nonalphabetical),"+ Andrew shared with his sisters and brothers, so he was excited to have a roomate.",unrelated,"They exchanged a knowing glance, each understanding the other's unspoken thoughts.","audio/prime_unrelated/They_exchanged_a_knowing_glance,_each_understanding_the_others_unspoken_thoughts.wav",6,3,0.4142402514,0.6388390377,not-frequent,unrelated
9,cause and effect,cause,effect,Did Ryan research about inflation?,y,Sentence (alphabetical),"+ Ryan was uncertain about the cause and effect of inflation, so he did some research.",alphabetical,The gathering was filled with laughter from brothers and sisters catching up after a long time apart.,audio/prime_alpha/The_gathering_was_filled_with_laughter_from_brothers_and_sisters_catching_up_after_a_long_time_apart.wav,1,5,0.48939205659999996,0.78038961,frequent,frequent
9,cause and effect,cause,effect,Did Ryan research about inflation?,y,Sentence (nonalphabetical),"+ Ryan was uncertain about the effect and cause of inflation, so he did some research.",alphabetical,The gathering was filled with laughter from brothers and sisters catching up after a long time apart.,audio/prime_alpha/The_gathering_was_filled_with_laughter_from_brothers_and_sisters_catching_up_after_a_long_time_apart.wav,2,6,0.48939205659999996,0.78038961,not-frequent,frequent
9,cause and effect,cause,effect,Did Ryan research about inflation?,y,Sentence (alphabetical),"+ Ryan was uncertain about the cause and effect of inflation, so he did some research.",nonalphabetical,The gathering was filled with laughter from sisters and brothers catching up after a long time apart.,audio/prime_nonalpha/The_gathering_was_filled_with_laughter_from_sisters_and_brothers_catching_up_after_a_long_time_apart.wav,3,1,0.48939205659999996,0.78038961,frequent,not-frequent
9,cause and effect,cause,effect,Did Ryan research about inflation?,y,Sentence (nonalphabetical),"+ Ryan was uncertain about the effect and cause of inflation, so he did some research.",nonalphabetical,The gathering was filled with laughter from sisters and brothers catching up after a long time apart.,audio/prime_nonalpha/The_gathering_was_filled_with_laughter_from_sisters_and_brothers_catching_up_after_a_long_time_apart.wav,4,2,0.48939205659999996,0.78038961,not-frequent,not-frequent
9,cause and effect,cause,effect,Did Ryan research about inflation?,y,Sentence (alphabetical),"+ Ryan was uncertain about the cause and effect of inflation, so he did some research.",unrelated,"She carefully wrapped the gift, tying a red ribbon into a perfect bow.","audio/prime_unrelated/She_carefully_wrapped_the_gift,_tying_a_red_ribbon_into_a_perfect_bow.wav",5,3,0.48939205659999996,0.78038961,frequent,unrelated
9,cause and effect,cause,effect,Did Ryan research about inflation?,y,Sentence (nonalphabetical),"+ Ryan was uncertain about the effect and cause of inflation, so he did some research.",unrelated,"She carefully wrapped the gift, tying a red ribbon into a perfect bow.","audio/prime_unrelated/She_carefully_wrapped_the_gift,_tying_a_red_ribbon_into_a_perfect_bow.wav",6,4,0.48939205659999996,0.78038961,not-frequent,unrelated
10,days and nights,days,nights,Did Finn easily write his novel?,n,Sentence (alphabetical),+ Finn spent many days and nights working on writing his novel.,alphabetical,The desert's harshness is evident in the extreme days and nights.,audio/prime_alpha/The_deserts_harshness_is_evident_in_the_extreme_days_and_nights.wav,1,6,0.4144469086,0.6530893812,frequent,frequent
10,days and nights,days,nights,Did Finn easily write his novel?,n,Sentence (nonalphabetical),+ Finn spent many nights and days working on writing his novel.,alphabetical,The desert's harshness is evident in the extreme days and nights.,audio/prime_alpha/The_deserts_harshness_is_evident_in_the_extreme_days_and_nights.wav,2,1,0.4144469086,0.6530893812,not-frequent,frequent
10,days and nights,days,nights,Did Finn easily write his novel?,n,Sentence (alphabetical),+ Finn spent many days and nights working on writing his novel.,nonalphabetical,The desert's harshness is evident in the extreme nights and days.,audio/prime_nonalpha/The_deserts_harshness_is_evident_in_the_extreme_nights_and_days.wav,3,2,0.4144469086,0.6530893812,frequent,not-frequent
10,days and nights,days,nights,Did Finn easily write his novel?,n,Sentence (nonalphabetical),+ Finn spent many nights and days working on writing his novel.,nonalphabetical,The desert's harshness is evident in the extreme nights and days.,audio/prime_nonalpha/The_deserts_harshness_is_evident_in_the_extreme_nights_and_days.wav,4,3,0.4144469086,0.6530893812,not-frequent,not-frequent
10,days and nights,days,nights,Did Finn easily write his novel?,n,Sentence (alphabetical),+ Finn spent many days and nights working on writing his novel.,unrelated,The crowded marketplace buzzed with the sounds of bargaining and laughter.,audio/prime_unrelated/The_crowded_marketplace_buzzed_with_the_sounds_of_bargaining_and_laughter.wav,5,4,0.4144469086,0.6530893812,frequent,unrelated
10,days and nights,days,nights,Did Finn easily write his novel?,n,Sentence (nonalphabetical),+ Finn spent many nights and days working on writing his novel.,unrelated,The crowded marketplace buzzed with the sounds of bargaining and laughter.,audio/prime_unrelated/The_crowded_marketplace_buzzed_with_the_sounds_of_bargaining_and_laughter.wav,6,5,0.4144469086,0.6530893812,not-frequent,unrelated
17,feet and hands,feet,hands,Were the child's limbs fine?,n,Sentence (alphabetical),+ The child's feet and hands were numb.,alphabetical,"The dancer moved her feet and hands gracefully, commanding the stage.","audio/prime_alpha/The_dancer_moved_her_feet_and_hands_gracefully,_commanding_the_stage.wav",1,1,-0.382257009,0.4219806788,not-frequent,not-frequent
17,feet and hands,feet,hands,Were the child's limbs fine?,n,Sentence (nonalphabetical),+ The child's hands and feet were numb.,alphabetical,"The dancer moved her feet and hands gracefully, commanding the stage.","audio/prime_alpha/The_dancer_moved_her_feet_and_hands_gracefully,_commanding_the_stage.wav",2,2,-0.382257009,0.4219806788,frequent,not-frequent
17,feet and hands,feet,hands,Were the child's limbs fine?,n,Sentence (alphabetical),+ The child's feet and hands were numb.,nonalphabetical,"The dancer moved her hands and feet gracefully, commanding the stage.","audio/prime_nonalpha/The_dancer_moved_her_hands_and_feet_gracefully,_commanding_the_stage.wav",3,3,-0.382257009,0.4219806788,not-frequent,frequent
17,feet and hands,feet,hands,Were the child's limbs fine?,n,Sentence (nonalphabetical),+ The child's hands and feet were numb.,nonalphabetical,"The dancer moved her hands and feet gracefully, commanding the stage.","audio/prime_nonalpha/The_dancer_moved_her_hands_and_feet_gracefully,_commanding_the_stage.wav",4,4,-0.382257009,0.4219806788,frequent,frequent
17,feet and hands,feet,hands,Were the child's limbs fine?,n,Sentence (alphabetical),+ The child's feet and hands were numb.,unrelated,The crisp autumn air was filled with the scent of pine and fallen leaves.,audio/prime_unrelated/The_crisp_autumn_air_was_filled_with_the_scent_of_pine_and_fallen_leaves.wav,5,5,-0.382257009,0.4219806788,not-frequent,unrelated
17,feet and hands,feet,hands,Were the child's limbs fine?,n,Sentence (nonalphabetical),+ The child's hands and feet were numb.,unrelated,The crisp autumn air was filled with the scent of pine and fallen leaves.,audio/prime_unrelated/The_crisp_autumn_air_was_filled_with_the_scent_of_pine_and_fallen_leaves.wav,6,6,-0.382257009,0.4219806788,frequent,unrelated
26,money and time,money,time,Was it an easy project?,n,Sentence (alphabetical),+ The amount of money and time required to fix it made it quite the project.,alphabetical,Managing money and time effectively is key to achieving financial goals.,audio/prime_alpha/Managing_money_and_time_effectively_is_key_to_achieving_financial_goals.wav,1,4,-0.39663031719999997,0.3490212064,not-frequent,not-frequent
26,money and time,money,time,Was it an easy project?,n,Sentence (nonalphabetical),+ The amount of time and money required to fix it made it quite the project.,alphabetical,Managing money and time effectively is key to achieving financial goals.,audio/prime_alpha/Managing_money_and_time_effectively_is_key_to_achieving_financial_goals.wav,2,5,-0.39663031719999997,0.3490212064,frequent,not-frequent
26,money and time,money,time,Was it an easy project?,n,Sentence (alphabetical),+ The amount of money and time required to fix it made it quite the project.,nonalphabetical,Managing time and money effectively is key to achieving financial goals.,audio/prime_nonalpha/Managing_time_and_money_effectively_is_key_to_achieving_financial_goals.wav,3,6,-0.39663031719999997,0.3490212064,not-frequent,frequent
26,money and time,money,time,Was it an easy project?,n,Sentence (nonalphabetical),+ The amount of time and money required to fix it made it quite the project.,nonalphabetical,Managing time and money effectively is key to achieving financial goals.,audio/prime_nonalpha/Managing_time_and_money_effectively_is_key_to_achieving_financial_goals.wav,4,1,-0.39663031719999997,0.3490212064,frequent,frequent
26,money and time,money,time,Was it an easy project?,n,Sentence (alphabetical),+ The amount of money and time required to fix it made it quite the project.,unrelated,"She wrapped the scarf around her neck, bracing herself against the winter chill.","audio/prime_unrelated/She_wrapped_the_scarf_around_her_neck,_bracing_herself_against_the_winter_chill.wav",5,2,-0.39663031719999997,0.3490212064,not-frequent,unrelated
26,money and time,money,time,Was it an easy project?,n,Sentence (nonalphabetical),+ The amount of time and money required to fix it made it quite the project.,unrelated,"She wrapped the scarf around her neck, bracing herself against the winter chill.","audio/prime_unrelated/She_wrapped_the_scarf_around_her_neck,_bracing_herself_against_the_winter_chill.wav",6,3,-0.39663031719999997,0.3490212064,frequent,unrelated
21,gentlemen and ladies,gentlemen,ladies,Did the hostess refuse to help the customers?,n,Sentence (alphabetical),+ The hostess in the venue lead the gentlemen and ladies to their respective tables.,alphabetical,The event was attended by both gentlemen and ladies dressed in elegant attire.,audio/prime_alpha/The_event_was_attended_by_both_gentlemen_and_ladies_dressed_in_elegant_attire.wav,1,5,-0.40864716032,0.5176318827,not-frequent,not-frequent
21,gentlemen and ladies,gentlemen,ladies,Did the hostess refuse to help the customers?,n,Sentence (nonalphabetical),+ The hostess in the venue lead the ladies and gentlemen to their respective tables.,alphabetical,The event was attended by both gentlemen and ladies dressed in elegant attire.,audio/prime_alpha/The_event_was_attended_by_both_gentlemen_and_ladies_dressed_in_elegant_attire.wav,2,6,-0.40864716032,0.5176318827,frequent,not-frequent
21,gentlemen and ladies,gentlemen,ladies,Did the hostess refuse to help the customers?,n,Sentence (alphabetical),+ The hostess in the venue lead the gentlemen and ladies to their respective tables.,nonalphabetical,The event was attended by both ladies and gentlemen dressed in elegant attire.,audio/prime_nonalpha/The_event_was_attended_by_both_ladies_and_gentlemen_dressed_in_elegant_attire.wav,3,1,-0.40864716032,0.5176318827,not-frequent,frequent
21,gentlemen and ladies,gentlemen,ladies,Did the hostess refuse to help the customers?,n,Sentence (nonalphabetical),+ The hostess in the venue lead the ladies and gentlemen to their respective tables.,nonalphabetical,The event was attended by both ladies and gentlemen dressed in elegant attire.,audio/prime_nonalpha/The_event_was_attended_by_both_ladies_and_gentlemen_dressed_in_elegant_attire.wav,4,2,-0.40864716032,0.5176318827,frequent,frequent
21,gentlemen and ladies,gentlemen,ladies,Did the hostess refuse to help the customers?,n,Sentence (alphabetical),+ The hostess in the venue lead the gentlemen and ladies to their respective tables.,unrelated,"The snow covered the town in a blanket of white, transforming it into a winter wonderland.","audio/prime_unrelated/The_snow_covered_the_town_in_a_blanket_of_white,_transforming_it_into_a_winter_wonderland.wav",5,3,-0.40864716032,0.5176318827,not-frequent,unrelated
21,gentlemen and ladies,gentlemen,ladies,Did the hostess refuse to help the customers?,n,Sentence (nonalphabetical),+ The hostess in the venue lead the ladies and gentlemen to their respective tables.,unrelated,"The snow covered the town in a blanket of white, transforming it into a winter wonderland.","audio/prime_unrelated/The_snow_covered_the_town_in_a_blanket_of_white,_transforming_it_into_a_winter_wonderland.wav",6,4,-0.40864716032,0.5176318827,frequent,unrelated
1,arms and legs,arms,legs,Did Sandra get into a bike accident?,y,Sentence (alphabetical),+ Sandra broke her arms and legs because she got into a bike accident.,alphabetical,When he gets upset he crosses his arms and legs in a very tense manner.,audio/prime_alpha/When_he_gets_upset_he_crosses_his_arms_and_legs_in_a_very_tense_manner.wav,1,3,0.33699264640000004,0.6051687367,frequent,frequent
1,arms and legs,arms,legs,Did Sandra get into a bike accident?,y,Sentence (nonalphabetical),+ Sandra broke her legs and arms because she got into a bike accident.,alphabetical,When he gets upset he crosses his arms and legs in a very tense manner.,audio/prime_alpha/When_he_gets_upset_he_crosses_his_arms_and_legs_in_a_very_tense_manner.wav,2,4,0.33699264640000004,0.6051687367,not-frequent,frequent
1,arms and legs,arms,legs,Did Sandra get into a bike accident?,y,Sentence (alphabetical),+ Sandra broke her arms and legs because she got into a bike accident.,nonalphabetical,When he gets upset he crosses his legs and arms in a very tense manner.,audio/prime_nonalpha/When_he_gets_upset_he_crosses_his_legs_and_arms_in_a_very_tense_manner.wav,3,5,0.33699264640000004,0.6051687367,frequent,not-frequent
1,arms and legs,arms,legs,Did Sandra get into a bike accident?,y,Sentence (nonalphabetical),+ Sandra broke her legs and arms because she got into a bike accident.,nonalphabetical,When he gets upset he crosses his legs and arms in a very tense manner.,audio/prime_nonalpha/When_he_gets_upset_he_crosses_his_legs_and_arms_in_a_very_tense_manner.wav,4,6,0.33699264640000004,0.6051687367,not-frequent,not-frequent
1,arms and legs,arms,legs,Did Sandra get into a bike accident?,y,Sentence (alphabetical),+ Sandra broke her arms and legs because she got into a bike accident.,unrelated,"The sun dipped below the horizon, painting the sky in shades of orange and pink.","audio/prime_unrelated/The_sun_dipped_below_the_horizon,_painting_the_sky_in_shades_of_orange_and_pink.wav",5,1,0.33699264640000004,0.6051687367,frequent,unrelated
1,arms and legs,arms,legs,Did Sandra get into a bike accident?,y,Sentence (nonalphabetical),+ Sandra broke her legs and arms because she got into a bike accident.,unrelated,"The sun dipped below the horizon, painting the sky in shades of orange and pink.","audio/prime_unrelated/The_sun_dipped_below_the_horizon,_painting_the_sky_in_shades_of_orange_and_pink.wav",6,2,0.33699264640000004,0.6051687367,not-frequent,unrelated
20,gas and oil,gas,oil,Is Sam uneducated about cars?,y,Sentence (alphabetical),+ Sam didn't know the difference between gas and oil so she ruined her car.,alphabetical,The economy in this region is heavily dependent on gas and oil production.,audio/prime_alpha/The_economy_in_this_region_is_heavily_dependent_on_gas_and_oil_production.wav,1,4,-0.4145522406,0.414941423,not-frequent,not-frequent
20,gas and oil,gas,oil,Is Sam uneducated about cars?,y,Sentence (nonalphabetical),+ Sam didn't know the difference between oil and gas so she ruined her car.,alphabetical,The economy in this region is heavily dependent on gas and oil production.,audio/prime_alpha/The_economy_in_this_region_is_heavily_dependent_on_gas_and_oil_production.wav,2,5,-0.4145522406,0.414941423,frequent,not-frequent
20,gas and oil,gas,oil,Is Sam uneducated about cars?,y,Sentence (alphabetical),+ Sam didn't know the difference between gas and oil so she ruined her car.,nonalphabetical,The economy in this region is heavily dependent on oil and gas production.,audio/prime_nonalpha/The_economy_in_this_region_is_heavily_dependent_on_oil_and_gas_production.wav,3,6,-0.4145522406,0.414941423,not-frequent,frequent
20,gas and oil,gas,oil,Is Sam uneducated about cars?,y,Sentence (nonalphabetical),+ Sam didn't know the difference between oil and gas so she ruined her car.,nonalphabetical,The economy in this region is heavily dependent on oil and gas production.,audio/prime_nonalpha/The_economy_in_this_region_is_heavily_dependent_on_oil_and_gas_production.wav,4,1,-0.4145522406,0.414941423,frequent,frequent
20,gas and oil,gas,oil,Is Sam uneducated about cars?,y,Sentence (alphabetical),+ Sam didn't know the difference between gas and oil so she ruined her car.,unrelated,"He sat by the campfire, warming his hands as the stars sparkled above.","audio/prime_unrelated/He_sat_by_the_campfire,_warming_his_hands_as_the_stars_sparkled_above.wav",5,2,-0.4145522406,0.414941423,not-frequent,unrelated
20,gas and oil,gas,oil,Is Sam uneducated about cars?,y,Sentence (nonalphabetical),+ Sam didn't know the difference between oil and gas so she ruined her car.,unrelated,"He sat by the campfire, warming his hands as the stars sparkled above.","audio/prime_unrelated/He_sat_by_the_campfire,_warming_his_hands_as_the_stars_sparkled_above.wav",6,3,-0.4145522406,0.414941423,frequent,unrelated
23,husband and wife,husband,wife,Was Michelle surprised by what he learned?,y,Sentence (alphabetical),+ Michelle was surprised to learn that the husband and wife were getting a divorce.,alphabetical,"The couple was too young to be husband and wife, in their parents' opinion.","audio/prime_alpha/The_couple_was_too_young_to_be_husband_and_wife,_in_their_parents_opinion.wav",1,1,0.47459814489999996,0.5027550125,frequent,frequent
23,husband and wife,husband,wife,Was Michelle surprised by what he learned?,y,Sentence (nonalphabetical),+ Michelle was surprised to learn that the wife and husband were getting a divorce.,alphabetical,"The couple was too young to be husband and wife, in their parents' opinion.","audio/prime_alpha/The_couple_was_too_young_to_be_husband_and_wife,_in_their_parents_opinion.wav",2,2,0.47459814489999996,0.5027550125,not-frequent,frequent
23,husband and wife,husband,wife,Was Michelle surprised by what he learned?,y,Sentence (alphabetical),+ Michelle was surprised to learn that the husband and wife were getting a divorce.,nonalphabetical,"The couple was too young to be wife and husband, in their parents' opinion.","audio/prime_nonalpha/The_couple_was_too_young_to_be_wife_and_husband,_in_their_parents_opinion.wav",3,3,0.47459814489999996,0.5027550125,frequent,not-frequent
23,husband and wife,husband,wife,Was Michelle surprised by what he learned?,y,Sentence (nonalphabetical),+ Michelle was surprised to learn that the wife and husband were getting a divorce.,nonalphabetical,"The couple was too young to be wife and husband, in their parents' opinion.","audio/prime_nonalpha/The_couple_was_too_young_to_be_wife_and_husband,_in_their_parents_opinion.wav",4,4,0.47459814489999996,0.5027550125,not-frequent,not-frequent
23,husband and wife,husband,wife,Was Michelle surprised by what he learned?,y,Sentence (alphabetical),+ Michelle was surprised to learn that the husband and wife were getting a divorce.,unrelated,The old house creaked and groaned with every gust of wind.,audio/prime_unrelated/The_old_house_creaked_and_groaned_with_every_gust_of_wind.wav,5,5,0.47459814489999996,0.5027550125,frequent,unrelated
23,husband and wife,husband,wife,Was Michelle surprised by what he learned?,y,Sentence (nonalphabetical),+ Michelle was surprised to learn that the wife and husband were getting a divorce.,unrelated,The old house creaked and groaned with every gust of wind.,audio/prime_unrelated/The_old_house_creaked_and_groaned_with_every_gust_of_wind.wav,6,6,0.47459814489999996,0.5027550125,not-frequent,unrelated
19,fruits and vegetables,fruits,vegetables,Did Paul eat unhealthily growing up?,n,Sentence (alphabetical),"+ Growing up, Paul ate his fruits and vegetables everyday.",alphabetical,A healthy diet includes a balance of fruits and vegetables for essential nutrients.,audio/prime_alpha/A_healthy_diet_includes_a_balance_of_fruits_and_vegetables_for_essential_nutrients.wav,1,3,0.3501050683,0.6085325242,frequent,frequent
19,fruits and vegetables,fruits,vegetables,Did Paul eat unhealthily growing up?,n,Sentence (nonalphabetical),"+ Growing up, Paul ate his vegetables and fruits everyday.",alphabetical,A healthy diet includes a balance of fruits and vegetables for essential nutrients.,audio/prime_alpha/A_healthy_diet_includes_a_balance_of_fruits_and_vegetables_for_essential_nutrients.wav,2,4,0.3501050683,0.6085325242,not-frequent,frequent
19,fruits and vegetables,fruits,vegetables,Did Paul eat unhealthily growing up?,n,Sentence (alphabetical),"+ Growing up, Paul ate his fruits and vegetables everyday.",nonalphabetical,A healthy diet includes a balance of vegetables and fruits for essential nutrients.,audio/prime_nonalpha/A_healthy_diet_includes_a_balance_of_vegetables_and_fruits_for_essential_nutrients.wav,3,5,0.3501050683,0.6085325242,frequent,not-frequent
19,fruits and vegetables,fruits,vegetables,Did Paul eat unhealthily growing up?,n,Sentence (nonalphabetical),"+ Growing up, Paul ate his vegetables and fruits everyday.",nonalphabetical,A healthy diet includes a balance of vegetables and fruits for essential nutrients.,audio/prime_nonalpha/A_healthy_diet_includes_a_balance_of_vegetables_and_fruits_for_essential_nutrients.wav,4,6,0.3501050683,0.6085325242,not-frequent,not-frequent
19,fruits and vegetables,fruits,vegetables,Did Paul eat unhealthily growing up?,n,Sentence (alphabetical),"+ Growing up, Paul ate his fruits and vegetables everyday.",unrelated,"The orchestra's music filled the hall, sending chills down the audience's spines.","audio/prime_unrelated/The_orchestras_music_filled_the_hall,_sending_chills_down_the_audiences_spines.wav",5,1,0.3501050683,0.6085325242,frequent,unrelated
19,fruits and vegetables,fruits,vegetables,Did Paul eat unhealthily growing up?,n,Sentence (nonalphabetical),"+ Growing up, Paul ate his vegetables and fruits everyday.",unrelated,"The orchestra's music filled the hall, sending chills down the audience's spines.","audio/prime_unrelated/The_orchestras_music_filled_the_hall,_sending_chills_down_the_audiences_spines.wav",6,2,0.3501050683,0.6085325242,not-frequent,unrelated
16,feelings and thoughts,feelings,thoughts,Does get confused when she's frustrated?,y,Sentence (alphabetical),"+ Whenever Pat was frustrated, her feelings and thoughts got muddled.",alphabetical,Poetry often tries to capture the subtle interplay of feelings and thoughts.,audio/prime_alpha/Poetry_often_tries_to_capture_the_subtle_interplay_of_feelings_and_thoughts.wav,1,6,-0.3486352047,0.418338269,not-frequent,not-frequent
16,feelings and thoughts,feelings,thoughts,Does get confused when she's frustrated?,y,Sentence (nonalphabetical),"+ Whenever Pat was frustrated, her thoughts and feelings got muddled.",alphabetical,Poetry often tries to capture the subtle interplay of feelings and thoughts.,audio/prime_alpha/Poetry_often_tries_to_capture_the_subtle_interplay_of_feelings_and_thoughts.wav,2,1,-0.3486352047,0.418338269,frequent,not-frequent
16,feelings and thoughts,feelings,thoughts,Does get confused when she's frustrated?,y,Sentence (alphabetical),"+ Whenever Pat was frustrated, her feelings and thoughts got muddled.",nonalphabetical,Poetry often tries to capture the subtle interplay of thoughts and feelings.,audio/prime_nonalpha/Poetry_often_tries_to_capture_the_subtle_interplay_of_thoughts_and_feelings.wav,3,2,-0.3486352047,0.418338269,not-frequent,frequent
16,feelings and thoughts,feelings,thoughts,Does get confused when she's frustrated?,y,Sentence (nonalphabetical),"+ Whenever Pat was frustrated, her thoughts and feelings got muddled.",nonalphabetical,Poetry often tries to capture the subtle interplay of thoughts and feelings.,audio/prime_nonalpha/Poetry_often_tries_to_capture_the_subtle_interplay_of_thoughts_and_feelings.wav,4,3,-0.3486352047,0.418338269,frequent,frequent
16,feelings and thoughts,feelings,thoughts,Does get confused when she's frustrated?,y,Sentence (alphabetical),"+ Whenever Pat was frustrated, her feelings and thoughts got muddled.",unrelated,"He flipped through the album, each photograph bringing back a flood of memories.","audio/prime_unrelated/He_flipped_through_the_album,_each_photograph_bringing_back_a_flood_of_memories.wav",5,4,-0.3486352047,0.418338269,not-frequent,unrelated
16,feelings and thoughts,feelings,thoughts,Does get confused when she's frustrated?,y,Sentence (nonalphabetical),"+ Whenever Pat was frustrated, her thoughts and feelings got muddled.",unrelated,"He flipped through the album, each photograph bringing back a flood of memories.","audio/prime_unrelated/He_flipped_through_the_album,_each_photograph_bringing_back_a_flood_of_memories.wav",6,5,-0.3486352047,0.418338269,frequent,unrelated
30,place and time,place,time,Was it easy to plan the meeting?,n,Sentence (alphabetical),+ Finding a place and time for the meeting was very difficult.,alphabetical,Success in art depends on the right combination of place and time.,audio/prime_alpha/Success_in_art_depends_on_the_right_combination_of_place_and_time.wav,1,2,-0.3613230549,0.5553675804,not-frequent,not-frequent
30,place and time,place,time,Was it easy to plan the meeting?,n,Sentence (nonalphabetical),+ Finding a time and place for the meeting was very difficult.,alphabetical,Success in art depends on the right combination of place and time.,audio/prime_alpha/Success_in_art_depends_on_the_right_combination_of_place_and_time.wav,2,3,-0.3613230549,0.5553675804,frequent,not-frequent
30,place and time,place,time,Was it easy to plan the meeting?,n,Sentence (alphabetical),+ Finding a place and time for the meeting was very difficult.,nonalphabetical,Success in art depends on the right combination of time and place.,audio/prime_nonalpha/Success_in_art_depends_on_the_right_combination_of_time_and_place.wav,3,4,-0.3613230549,0.5553675804,not-frequent,frequent
30,place and time,place,time,Was it easy to plan the meeting?,n,Sentence (nonalphabetical),+ Finding a time and place for the meeting was very difficult.,nonalphabetical,Success in art depends on the right combination of time and place.,audio/prime_nonalpha/Success_in_art_depends_on_the_right_combination_of_time_and_place.wav,4,5,-0.3613230549,0.5553675804,frequent,frequent
30,place and time,place,time,Was it easy to plan the meeting?,n,Sentence (alphabetical),+ Finding a place and time for the meeting was very difficult.,unrelated,"A gentle breeze rustled the leaves, carrying the scent of jasmine through the air.","audio/prime_unrelated/A_gentle_breeze_rustled_the_leaves,_carrying_the_scent_of_jasmine_through_the_air.wav",5,6,-0.3613230549,0.5553675804,not-frequent,unrelated
30,place and time,place,time,Was it easy to plan the meeting?,n,Sentence (nonalphabetical),+ Finding a time and place for the meeting was very difficult.,unrelated,"A gentle breeze rustled the leaves, carrying the scent of jasmine through the air.","audio/prime_unrelated/A_gentle_breeze_rustled_the_leaves,_carrying_the_scent_of_jasmine_through_the_air.wav",6,1,-0.3613230549,0.5553675804,frequent,unrelated
27,mr. and mrs.,mr.,mrs.,Is it the case that the couple aren't married?,y,Sentence (alphabetical),+ The couple call each other mr. and mrs. Smith even though they aren't married.,alphabetical,"The invitation was addressed to Mr. and Mrs. Peterson, inviting them to the gala.","audio/prime_alpha/The_invitation_was_addressed_to_Mr_and_Mrs_Peterson,_inviting_them_to_the_gala.wav",1,5,0.49809081740000005,0.6408346416,frequent,frequent
27,mr. and mrs.,mr.,mrs.,Is it the case that the couple aren't married?,y,Sentence (nonalphabetical),+ The couple call each other mrs. and mr. Smith even though they aren't married.,alphabetical,"The invitation was addressed to Mr. and Mrs. Peterson, inviting them to the gala.","audio/prime_alpha/The_invitation_was_addressed_to_Mr_and_Mrs_Peterson,_inviting_them_to_the_gala.wav",2,6,0.49809081740000005,0.6408346416,not-frequent,frequent
27,mr. and mrs.,mr.,mrs.,Is it the case that the couple aren't married?,y,Sentence (alphabetical),+ The couple call each other mr. and mrs. Smith even though they aren't married.,nonalphabetical,"The invitation was addressed to Mrs. and Mr. Peterson, inviting them to the gala.","audio/prime_nonalpha/The_invitation_was_addressed_to_Mrs_and_Mr_Peterson,_inviting_them_to_the_gala.wav",3,1,0.49809081740000005,0.6408346416,frequent,not-frequent
27,mr. and mrs.,mr.,mrs.,Is it the case that the couple aren't married?,y,Sentence (nonalphabetical),+ The couple call each other mrs. and mr. Smith even though they aren't married.,nonalphabetical,"The invitation was addressed to Mrs. and Mr. Peterson, inviting them to the gala.","audio/prime_nonalpha/The_invitation_was_addressed_to_Mrs_and_Mr_Peterson,_inviting_them_to_the_gala.wav",4,2,0.49809081740000005,0.6408346416,not-frequent,not-frequent
27,mr. and mrs.,mr.,mrs.,Is it the case that the couple aren't married?,y,Sentence (alphabetical),+ The couple call each other mr. and mrs. Smith even though they aren't married.,unrelated,"They watched the fireworks explode in the night sky, their faces lit up with excitement.","audio/prime_unrelated/They_watched_the_fireworks_explode_in_the_night_sky,_their_faces_lit_up_with_excitement.wav",5,3,0.49809081740000005,0.6408346416,frequent,unrelated
27,mr. and mrs.,mr.,mrs.,Is it the case that the couple aren't married?,y,Sentence (nonalphabetical),+ The couple call each other mrs. and mr. Smith even though they aren't married.,unrelated,"They watched the fireworks explode in the night sky, their faces lit up with excitement.","audio/prime_unrelated/They_watched_the_fireworks_explode_in_the_night_sky,_their_faces_lit_up_with_excitement.wav",6,4,0.49809081740000005,0.6408346416,not-frequent,unrelated
28,north and south,north,south,Did the family stay in the same place?,n,Sentence (alphabetical),+ The family moved north and south a couple of times.,alphabetical,The campaign has supporters from both north and south regions.,audio/prime_alpha/The_campaign_has_supporters_from_both_north_and_south_regions.wav,1,6,0.4390120705,0.610818675,frequent,frequent
28,north and south,north,south,Did the family stay in the same place?,n,Sentence (nonalphabetical),+ The family moved south and north a couple of times.,alphabetical,The campaign has supporters from both north and south regions.,audio/prime_alpha/The_campaign_has_supporters_from_both_north_and_south_regions.wav,2,1,0.4390120705,0.610818675,not-frequent,frequent
28,north and south,north,south,Did the family stay in the same place?,n,Sentence (alphabetical),+ The family moved north and south a couple of times.,nonalphabetical,The campaign has supporters from both south and north regions.,audio/prime_nonalpha/The_campaign_has_supporters_from_both_south_and_north_regions.wav,3,2,0.4390120705,0.610818675,frequent,not-frequent
28,north and south,north,south,Did the family stay in the same place?,n,Sentence (nonalphabetical),+ The family moved south and north a couple of times.,nonalphabetical,The campaign has supporters from both south and north regions.,audio/prime_nonalpha/The_campaign_has_supporters_from_both_south_and_north_regions.wav,4,3,0.4390120705,0.610818675,not-frequent,not-frequent
28,north and south,north,south,Did the family stay in the same place?,n,Sentence (alphabetical),+ The family moved north and south a couple of times.,unrelated,The antique store was filled with treasures from a bygone era.,audio/prime_unrelated/The_antique_store_was_filled_with_treasures_from_a_bygone_era.wav,5,4,0.4390120705,0.610818675,frequent,unrelated
28,north and south,north,south,Did the family stay in the same place?,n,Sentence (nonalphabetical),+ The family moved south and north a couple of times.,unrelated,The antique store was filled with treasures from a bygone era.,audio/prime_unrelated/The_antique_store_was_filled_with_treasures_from_a_bygone_era.wav,6,5,0.4390120705,0.610818675,not-frequent,unrelated
186,NA,NA,NA,Did he watch the fish?,y,filler,+ She felt a sense of wonder as she gazed up at the stars.,filler,He watched the fish swim lazily in the pond.,audio/prime_filler/He_watched_the_fish_swim_lazily_in_the_pond.wav,NA,0,NA,NA,NA,NA
175,NA,NA,NA,Did he read aloud?,n,filler,"+ She walked through the meadow, admiring the wildflowers.",filler,"He read quietly by the window, bathed in soft light.","audio/prime_filler/He_read_quietly_by_the_window,_bathed_in_soft_light.wav",NA,0,NA,NA,NA,NA
195,NA,NA,NA,Did she place a rocker in her book?,n,filler,"+ The bookstore was cozy, filled with warm lights and books.",filler,She placed a feather in her book as a keepsake.,audio/prime_filler/She_placed_a_feather_in_her_book_as_a_keepsake.wav,NA,0,NA,NA,NA,NA
169,NA,NA,NA,Was the ladybug in her house?,n,filler,+ The street musician played a hauntingly beautiful melody.,filler,She watched a ladybug crawl along the edge of a leaf.,audio/prime_filler/She_watched_a_ladybug_crawl_along_the_edge_of_a_leaf.wav,NA,0,NA,NA,NA,NA
101,NA,NA,NA,Did she wander the aisles with her friends?,n,filler,+ She spent hours wandering the aisles of the bookstore alone.,filler,The sound of distant thunder warned of a coming storm.,audio/prime_filler/The_sound_of_distant_thunder_warned_of_a_coming_storm.wav,NA,0,NA,NA,NA,NA
148,NA,NA,NA,Was the bakery small?,y,filler,+ The small bakery was filled with the scent of cinnamon rolls.,filler,She watched the fireflies dance in the warm evening air.,audio/prime_filler/She_watched_the_fireflies_dance_in_the_warm_evening_air.wav,NA,0,NA,NA,NA,NA
139,NA,NA,NA,Was the seashell strong?,n,filler,"+ She held the fragile seashell, admiring its unique pattern.",filler,"The campfire crackled, casting shadows on their faces.","audio/prime_filler/The_campfire_crackled,_casting_shadows_on_their_faces.wav",NA,0,NA,NA,NA,NA
131,NA,NA,NA,Did he expect the gust of wind?,n,filler,+ He felt a sudden gust of wind as he stepped outside.,filler,She braided her hair while listening to the birds singing.,audio/prime_filler/She_braided_her_hair_while_listening_to_the_birds_singing.wav,NA,0,NA,NA,NA,NA
158,NA,NA,NA,Did she close her eyes?,y,filler,"+ The air smelled like rain, fresh and earthy after the storm.",filler,"She closed her eyes, feeling the warmth of the sun.","audio/prime_filler/She_closed_her_eyes,_feeling_the_warmth_of_the_sun.wav",NA,0,NA,NA,NA,NA
114,NA,NA,NA,Was there coffee in the cafe?,y,filler,+ The cafe smelled of freshly baked bread and roasted coffee.,filler,"The beach was empty, save for a few scattered seashells.","audio/prime_filler/The_beach_was_empty,_save_for_a_few_scattered_seashells.wav",NA,0,NA,NA,NA,NA
132,NA,NA,NA,Was the evening getting colder?,y,filler,+ She wrapped her scarf tighter as the evening grew colder.,filler,The waves crashed rhythmically against the rocky shore.,audio/prime_filler/The_waves_crashed_rhythmically_against_the_rocky_shore.wav,NA,0,NA,NA,NA,NA
179,NA,NA,NA,Was he watching the ocean?,n,filler,"+ She gazed at the ocean, lost in her own thoughts.",filler,He watched the clouds drift across the open sky.,audio/prime_filler/He_watched_the_clouds_drift_across_the_open_sky.wav,NA,0,NA,NA,NA,NA
126,NA,NA,NA,Did she keep a journal?,y,filler,+ She kept a journal filled with her thoughts and dreams.,filler,"He sat on the rooftop, admiring the city lights below.","audio/prime_filler/He_sat_on_the_rooftop,_admiring_the_city_lights_below.wav",NA,0,NA,NA,NA,NA
178,NA,NA,NA,Was the bakery cozy?,y,filler,+ The city lights reflected on the wet streets after the rain.,filler,The scent of fresh bread filled the cozy little bakery.,audio/prime_filler/The_scent_of_fresh_bread_filled_the_cozy_little_bakery.wav,NA,0,NA,NA,NA,NA
166,NA,NA,NA,Was the beach empty?,y,filler,"+ He opened the old book, its pages yellowed with age.",filler,The sound of laughter echoed across the empty beach.,audio/prime_filler/The_sound_of_laughter_echoed_across_the_empty_beach.wav,NA,0,NA,NA,NA,NA
193,NA,NA,NA,Did he watch the sunrise?,n,filler,"+ The breeze ruffled her hair, carrying the scent of salt.",filler,"He sat on the bench, watching the sun go down.","audio/prime_filler/He_sat_on_the_bench,_watching_the_sun_go_down.wav",NA,0,NA,NA,NA,NA
192,NA,NA,NA,Was the bakery busy?,y,filler,+ He tied his shoes and prepared for the long hike ahead.,filler,"The bakery was busy, filled with customers chatting.","audio/prime_filler/The_bakery_was_busy,_filled_with_customers_chatting.wav",NA,0,NA,NA,NA,NA
111,NA,NA,NA,Was the room noisy?,n,filler,+ The room was silent except for the ticking of an old clock.,filler,She loved the feel of the ocean breeze against her face.,audio/prime_filler/She_loved_the_feel_of_the_ocean_breeze_against_her_face.wav,NA,0,NA,NA,NA,NA
191,NA,NA,NA,Did she watch the airplanes?,n,filler,+ The air was thick with the scent of pine and fresh rain.,filler,She watched the kite soar high above the field.,audio/prime_filler/She_watched_the_kite_soar_high_above_the_field.wav,NA,0,NA,NA,NA,NA
163,NA,NA,NA,Was he watching the house?,n,filler,+ The city skyline was breathtaking against the evening sky.,filler,"He looked out at the waves, lost in his thoughts.","audio/prime_filler/He_looked_out_at_the_waves,_lost_in_his_thoughts.wav",NA,0,NA,NA,NA,NA
168,NA,NA,NA,Was the garden overgrown?,y,filler,+ She marveled at the intricate patterns on the butterfly's wings.,filler,"The garden was overgrown, filled with wildflowers and weeds.","audio/prime_filler/The_garden_was_overgrown,_filled_with_wildflowers_and_weeds.wav",NA,0,NA,NA,NA,NA
118,NA,NA,NA,Did he watch old films?,y,filler,+ He spent his evening watching old black-and-white films.,filler,She wore a necklace with a delicate silver pendant.,audio/prime_filler/She_wore_a_necklace_with_a_delicate_silver_pendant.wav,NA,0,NA,NA,NA,NA
141,NA,NA,NA,Did the new watch chime?,n,filler,"+ The old clock chimed, signaling the hour with a soft ring.",filler,She wore a vibrant scarf that stood out in the crowd.,audio/prime_filler/She_wore_a_vibrant_scarf_that_stood_out_in_the_crowd.wav,NA,0,NA,NA,NA,NA
189,NA,NA,NA,Was it a busy night?,n,filler,"+ The small village was quiet, nestled in the valley.",filler,"The night was calm, with only the sound of crickets.","audio/prime_filler/The_night_was_calm,_with_only_the_sound_of_crickets.wav",NA,0,NA,NA,NA,NA
104,NA,NA,NA,Did she pick wildflowers?,y,filler,+ She picked wildflowers and placed them gently in her hair.,filler,She carefully folded the letter and placed it in an envelope.,audio/prime_filler/She_carefully_folded_the_letter_and_placed_it_in_an_envelope.wav,NA,0,NA,NA,NA,NA
151,NA,NA,NA,Did she notice a bird?,n,filler,+ He watched as a flock of birds took off into the sky.,filler,She noticed a butterfly resting on a nearby flower.,audio/prime_filler/She_noticed_a_butterfly_resting_on_a_nearby_flower.wav,NA,0,NA,NA,NA,NA
145,NA,NA,NA,DId she trace the shapes in the dirt?,n,filler,+ She traced shapes in the sand with her finger absentmindedly.,filler,"The park was empty, covered in a blanket of fallen leaves.","audio/prime_filler/The_park_was_empty,_covered_in_a_blanket_of_fallen_leaves.wav",NA,0,NA,NA,NA,NA
198,NA,NA,NA,Was the forest quiet?,y,filler,+ She wore a necklace with a tiny silver locket.,filler,The sound of the waterfall filled the quiet forest.,audio/prime_filler/The_sound_of_the_waterfall_filled_the_quiet_forest.wav,NA,0,NA,NA,NA,NA
171,NA,NA,NA,Did he admire the sunrise?,n,filler,+ She felt the cool breeze brush against her skin softly.,filler,He admired the sunset from the top of the hill.,audio/prime_filler/He_admired_the_sunset_from_the_top_of_the_hill.wav,NA,0,NA,NA,NA,NA
154,NA,NA,NA,Did she enjoy the mountain air?,y,filler,+ The sound of waves crashing was soothing and rhythmic.,filler,"She took a deep breath, savoring the fresh mountain air.","audio/prime_filler/She_took_a_deep_breath,_savoring_the_fresh_mountain_air.wav",NA,0,NA,NA,NA,NA
